CultureGrp,Average_MPI,Market_Count
,8.305669386989546,10
"Arabs, Littoral North Africa",106421.11401490634,84
Fang-Dzem,2.196497960560566,1
Galla,12.912193806204328,5
